MacroPlot Name,Date,Index,IsVerified,QTR,SubFrac,TagNo,Status,DBH,Ht,CrwnRto,CrwnCl,LiCrBHt,CrFuBHt,CrwnRad,Age,GrwthRt,Mort,DecayCl,LaddBaseHt,LaddMaxHt,DRC,NuLiStems,NuDeStems,EqDia,XCoord,YCoord,CKR,CharHt,ScorchHt,CrScPct,DamCd1,DamSev1,DamCd2,DamSev2,DamCd3,DamSev3,DamCd4,DamSev4,DamCd5,DamSev5,Comment,UV1,UV2,UV3,MacroPlotSize,SnagPlotSize,BrkPntDia,FieldTeam,EntryTeam,UV1Desc,UV2Desc,UV3Desc,SaComment,Species Symbol,Visited
FPIPO1T09:22,8/5/2000 0:00,,,,,,,,,,,,,,,,,,,,,,,,,,,,,,,,,,,,,,,,,,,,0.1,0.1,15,,,,,,,,TRUE
FPIPO1T09:22,8/5/2000 0:00,1,TRUE,3,1,1,L,7.9,4,,X,,,,,,,,,,,,,,,,,0,0,0,,-1,,-1,,-1,,-1,,-1,From FMH TREEPOLE 1069,,, poleq3_all,,,,,,,,,,PIPO,
FPIPO1T09:22,8/5/2000 0:00,2,TRUE,3,1,2,L,5.1,4,,X,,,,,,,,,,,,,,,,,0,0,0,,-1,,-1,,-1,,-1,,-1,From FMH TREEPOLE 1069,,, poleq3_all,,,,,,,,,,PIPO,
FPIPO1T09:22,8/5/2000 0:00,3,TRUE,3,1,3,L,3.1,3,,X,,,,,,,,,,,,,,,,,0,0,0,,-1,,-1,,-1,,-1,,-1,From FMH TREEPOLE 1069,,, poleq3_all,,,,,,,,,,PIPO,
FPIPO1T09:22,8/5/2000 0:00,4,TRUE,3,1,4,L,6,3,,X,,,,,,,,,,,,,,,,,0,0,0,,-1,,-1,,-1,,-1,,-1,From FMH TREEPOLE 1069,,, poleq3_all,,,,,,,,,,PIPO,
FPIPO1T09:22,8/5/2000 0:00,5,TRUE,3,1,5,L,8.5,4,,X,,,,,,,,,,,,,,,,,0,0,0,,-1,,-1,,-1,,-1,,-1,From FMH TREEPOLE 1069,,, poleq3_all,,,,,,,,,,PIPO,
FPIPO1T09:22,8/5/2000 0:00,6,TRUE,3,1,6,L,6.9,4,,X,,,,,,,,,,,,,,,,,0,0,0,,-1,,-1,,-1,,-1,,-1,From FMH TREEPOLE 1069,,, poleq3_all,,,,,,,,,,PIPO,
FPIPO1T09:22,8/5/2000 0:00,7,TRUE,3,1,7,L,3,3,,X,,,,,,,,,,,,,,,,,0,0,0,,-1,,-1,,-1,,-1,,-1,From FMH TREEPOLE 1069,,, poleq3_all,,,,,,,,,,PSME,
FPIPO1T09:22,8/5/2000 0:00,8,TRUE,3,1,8,L,9.4,6,,X,,,,,,,,,,,,,,,,,0,0,0,,-1,,-1,,-1,,-1,,-1,From FMH TREEPOLE 1069,,, poleq3_all,,,,,,,,,,PIPO,
FPIPO1T09:22,8/5/2000 0:00,9,TRUE,3,1,9,L,8,4,,X,,,,,,,,,,,,,,,,,0,0,0,,-1,,-1,,-1,,-1,,-1,From FMH TREEPOLE 1069,,, poleq3_all,,,,,,,,,,PIPO,
FPIPO1T09:22,8/5/2000 0:00,10,TRUE,4,1,10,L,11.4,5,,X,,,,,,,,,,,,,,,,,0,0,0,,-1,,-1,,-1,,-1,,-1,From FMH TREEPOLE 1069,,, poleq4_all,,,,,,,,,,PIPO,
FPIPO1T09:22,8/5/2000 0:00,1001,TRUE,1,1,78,L,34.6,,,C,,,,,,,,,,,,,,,,,0,0,0,DTOP,-1,FORK,-1,,-1,,-1,,-1,FMH TREEOVER 1067,,, overq1_all,,,,,,,,,,PIPO,
FPIPO1T09:22,8/5/2000 0:00,1002,TRUE,1,1,79,L,41.4,,,D,,,,,,,,,,,,,,,,,0,0,0,BIRD,-1,,-1,,-1,,-1,,-1,FMH TREEOVER 1067,,, overq1_all,,,,,,,,,,PIPO,
FPIPO1T09:22,8/5/2000 0:00,1003,TRUE,1,1,80,L,25.5,,,I,,,,,,,,,,,,,,,,,0,0,0,CROK,-1,FORK,-1,,-1,,-1,,-1,FMH TREEOVER 1067,,, overq1_all,,,,,,,,,,PIPO,
FPIPO1T09:22,8/5/2000 0:00,1004,TRUE,1,1,81,L,51.4,,,D,,,,,,,,,,,,,,,,,0,0,0,,-1,,-1,,-1,,-1,,-1,FMH TREEOVER 1067,,, overq1_all,,,,,,,,,,PIPO,
FPIPO1T09:22,8/5/2000 0:00,1005,TRUE,1,1,82,L,60.7,,,D,,,,,,,,,,,,,,,,,0,0,0,FORK,-1,,-1,,-1,,-1,,-1,FMH TREEOVER 1067,,, overq1_all,,,,,,,,,,PIPO,
FPIPO1T09:22,8/5/2000 0:00,1006,TRUE,1,1,83,L,18.4,,,I,,,,,,,,,,,,,,,,,0,0,0,LEAN,-1,,-1,,-1,,-1,,-1,FMH TREEOVER 1067,,, overq1_all,,,,,,,,,,PIPO,
FPIPO1T09:22,8/5/2000 0:00,1007,TRUE,2,1,84,L,17.3,,,I,,,,,,,,,,,,,,,,,0,0,0,,-1,,-1,,-1,,-1,,-1,FMH TREEOVER 1067,,, overq2_all,,,,,,,,,,PIPO,
FPIPO1T09:22,8/5/2000 0:00,1008,TRUE,2,1,85,L,33,,,C,,,,,,,,,,,,,,,,,0,0,0,BIRD,-1,CROK,-1,,-1,,-1,,-1,FMH TREEOVER 1067,,, overq2_all,,,,,,,,,,PIPO,
FPIPO1T09:22,8/5/2000 0:00,1009,TRUE,2,1,86,L,35.9,,,C,,,,,,,,,,,,,,,,,0,0,0,CROK,-1,,-1,,-1,,-1,,-1,FMH TREEOVER 1067,,, overq2_all,,,,,,,,,,PIPO,
FPIPO1T09:22,8/5/2000 0:00,1010,TRUE,2,1,87,L,38,,,D,,,,,,,,,,,,,,,,,0,0,0,LIGT,-1,,-1,,-1,,-1,,-1,FMH TREEOVER 1067,,, overq2_all,,,,,,,,,,PIPO,
FPIPO1T09:22,8/5/2000 0:00,1011,TRUE,2,1,88,L,39.6,,,C,,,,,,,,,,,,,,,,,0,0,0,CROK,-1,,-1,,-1,,-1,,-1,FMH TREEOVER 1067,,, overq2_all,,,,,,,,,,PIPO,
FPIPO1T09:22,8/5/2000 0:00,1012,TRUE,2,1,89,L,34.9,,,C,,,,,,,,,,,,,,,,,0,0,0,,-1,,-1,,-1,,-1,,-1,FMH TREEOVER 1067,,, overq2_all,,,,,,,,,,PIPO,
FPIPO1T09:22,8/5/2000 0:00,1013,TRUE,3,1,90,L,37.1,,,C,,,,,,,,,,,,,,,,,0,0,0,,-1,,-1,,-1,,-1,,-1,FMH TREEOVER 1067,,, overq3_all,,,,,,,,,,PIPO,
FPIPO1T09:22,8/5/2000 0:00,1014,TRUE,3,1,91,L,18.2,,,SC,,,,,,,,,,,,,,,,,0,0,0,WOND,-1,,-1,,-1,,-1,,-1,FMH TREEOVER 1067,,, overq3_all,,,,,,,,,,PIPO,
FPIPO1T09:22,8/5/2000 0:00,1015,TRUE,3,1,92,L,18,,,I,,,,,,,,,,,,,,,,,0,0,0,,-1,,-1,,-1,,-1,,-1,FMH TREEOVER 1067,,, overq3_all,,,,,,,,,,PICO,
FPIPO1T09:22,8/5/2000 0:00,1016,TRUE,3,1,93,D,34.5,,,CS,,,,,,,,,,,,,,,,,0,0,0,,-1,,-1,,-1,,-1,,-1,FMH TREEOVER 1067,,, overq3_all,,,,,,,,,,PIPO,
FPIPO1T09:22,8/5/2000 0:00,1017,TRUE,3,1,94,L,24.3,,,I,,,,,,,,,,,,,,,,,0,0,0,LIGT,-1,LEAN,-1,CROK,-1,,-1,,-1,FMH TREEOVER 1067,,, overq3_all,,,,,,,,,,PIPO,
FPIPO1T09:22,8/5/2000 0:00,1018,TRUE,3,1,95,L,43,,,D,,,,,,,,,,,,,,,,,0,0,0,LEAN,-1,FORK,-1,,-1,,-1,,-1,FMH TREEOVER 1067,,, overq3_all,,,,,,,,,,PIPO,
FPIPO1T09:22,8/5/2000 0:00,1019,TRUE,3,1,96,D,25.6,,,RS,,,,,,,,,,,,,,,,,0,0,0,,-1,,-1,,-1,,-1,,-1,FMH TREEOVER 1067,,, overq3_all,,,,,,,,,,PIPO,
FPIPO1T09:22,8/5/2000 0:00,1020,TRUE,3,1,97,L,29.3,,,D,,,,,,,,,,,,,,,,,0,0,0,,-1,,-1,,-1,,-1,,-1,FMH TREEOVER 1067,,, overq3_all,,,,,,,,,,PIPO,
FPIPO1T09:22,8/5/2000 0:00,1021,TRUE,4,1,98,L,37.9,,,C,,,,,,,,,,,,,,,,,0,0,0,ABGR,-1,,-1,,-1,,-1,,-1,FMH TREEOVER 1067,,, overq4_all,,,,,,,,,,PIPO,
FPIPO1T09:22,8/5/2000 0:00,1022,TRUE,4,1,99,L,38,,,C,,,,,,,,,,,,,,,,,0,0,0,LEAN,-1,,-1,,-1,,-1,,-1,FMH TREEOVER 1067,,, overq4_all,,,,,,,,,,PIPO,
FPIPO1T09:22,8/5/2000 0:00,1023,TRUE,4,1,100,L,33.1,,,D,,,,,,,,,,,,,,,,,0,0,0,,-1,,-1,,-1,,-1,,-1,FMH TREEOVER 1067,,, overq4_all,,,,,,,,,,PIPO,
FPIPO1T09:22,8/5/2000 0:00,1024,TRUE,4,1,101,L,41.3,,,D,,,,,,,,,,,,,,,,,0,0,0,,-1,,-1,,-1,,-1,,-1,FMH TREEOVER 1067,,, overq4_all,,,,,,,,,,PIPO,
FPIPO1T09:22,8/5/2000 0:00,1025,TRUE,4,1,102,L,16.8,,,SC,,,,,,,,,,,,,,,,,0,0,0,WOND,-1,CROK,-1,ABGR,-1,,-1,,-1,FMH TREEOVER 1067,,, overq4_all,,,,,,,,,,PIPO,
FPIPO1T09:22,8/5/2000 0:00,1026,TRUE,4,1,103,L,29.5,,,C,,,,,,,,,,,,,,,,,0,0,0,,-1,,-1,,-1,,-1,,-1,FMH TREEOVER 1067,,, overq4_all,,,,,,,,,,PIPO,
FPIPO1T09:22,6/26/2002 0:00,,,,,,,,,,,,,,,,,,,,,,,,,,,,,,,,,,,,,,,,,,,,0.1,0.1,15,,,,,,,,TRUE
FPIPO1T09:22,6/26/2002 0:00,1,TRUE,3,1,1,L,8.3,4,,X,,,,,,,,,,,,,,,,,,,,,-1,,-1,,-1,,-1,,-1,From FMH TREEPOLE 1069,,, poleq3_all,,,,,,,,,,PIPO,
FPIPO1T09:22,6/26/2002 0:00,2,TRUE,3,1,2,L,6.9,4,,X,,,,,,,,,,,,,,,,,,,,,-1,,-1,,-1,,-1,,-1,From FMH TREEPOLE 1069,,, poleq3_all,,,,,,,,,,PIPO,
FPIPO1T09:22,6/26/2002 0:00,3,TRUE,3,1,3,L,3.2,3,,X,,,,,,,,,,,,,,,,,,,,,-1,,-1,,-1,,-1,,-1,From FMH TREEPOLE 1069,,, poleq3_all,,,,,,,,,,PIPO,
FPIPO1T09:22,6/26/2002 0:00,4,TRUE,3,1,4,L,6,3,,X,,,,,,,,,,,,,,,,,,,,,-1,,-1,,-1,,-1,,-1,From FMH TREEPOLE 1069,,, poleq3_all,,,,,,,,,,PIPO,
FPIPO1T09:22,6/26/2002 0:00,5,TRUE,3,1,5,L,9.9,4,,X,,,,,,,,,,,,,,,,,,,,,-1,,-1,,-1,,-1,,-1,From FMH TREEPOLE 1069,,, poleq3_all,,,,,,,,,,PIPO,
FPIPO1T09:22,6/26/2002 0:00,6,TRUE,3,1,6,L,7.2,4,,X,,,,,,,,,,,,,,,,,,,,,-1,,-1,,-1,,-1,,-1,From FMH TREEPOLE 1069,,, poleq3_all,,,,,,,,,,PIPO,
FPIPO1T09:22,6/26/2002 0:00,7,TRUE,3,1,7,L,3.2,3,,X,,,,,,,,,,,,,,,,,,,,,-1,,-1,,-1,,-1,,-1,From FMH TREEPOLE 1069,,, poleq3_all,,,,,,,,,,PSME,
FPIPO1T09:22,6/26/2002 0:00,8,TRUE,3,1,8,L,9.1,6,,X,,,,,,,,,,,,,,,,,,,,,-1,,-1,,-1,,-1,,-1,From FMH TREEPOLE 1069,,, poleq3_all,,,,,,,,,,PIPO,
FPIPO1T09:22,6/26/2002 0:00,9,TRUE,3,1,9,L,7.2,4,,X,,,,,,,,,,,,,,,,,,,,,-1,,-1,,-1,,-1,,-1,From FMH TREEPOLE 1069,,, poleq3_all,,,,,,,,,,PIPO,
FPIPO1T09:22,6/26/2002 0:00,10,TRUE,4,1,10,L,11.5,5,,X,,,,,,,,,,,,,,,,,,,,,-1,,-1,,-1,,-1,,-1,From FMH TREEPOLE 1069,,, poleq4_all,,,,,,,,,,PIPO,
FPIPO1T09:22,6/26/2002 0:00,1001,TRUE,1,1,78,L,35.3,,,C,,,,,,,,,,,,,,,,,,,,DTOP,-1,FORK,-1,,-1,,-1,,-1,FMH TREEOVER 1067,,, overq1_all,,,,,,,,,,PIPO,
FPIPO1T09:22,6/26/2002 0:00,1002,TRUE,1,1,79,L,41.5,,,D,,,,,,,,,,,,,,,,,,,,BIRD,-1,,-1,,-1,,-1,,-1,FMH TREEOVER 1067,,, overq1_all,,,,,,,,,,PIPO,
FPIPO1T09:22,6/26/2002 0:00,1003,TRUE,1,1,80,L,26.7,,,I,,,,,,,,,,,,,,,,,,,,CROK,-1,FORK,-1,,-1,,-1,,-1,FMH TREEOVER 1067,,, overq1_all,,,,,,,,,,PIPO,
FPIPO1T09:22,6/26/2002 0:00,1004,TRUE,1,1,81,L,51.5,,,D,,,,,,,,,,,,,,,,,,,,,-1,,-1,,-1,,-1,,-1,FMH TREEOVER 1067,,, overq1_all,,,,,,,,,,PIPO,
FPIPO1T09:22,6/26/2002 0:00,1005,TRUE,1,1,82,L,60.7,,,D,,,,,,,,,,,,,,,,,,,,FORK,-1,,-1,,-1,,-1,,-1,FMH TREEOVER 1067,,, overq1_all,,,,,,,,,,PIPO,
FPIPO1T09:22,6/26/2002 0:00,1006,TRUE,1,1,83,L,17.7,,,I,,,,,,,,,,,,,,,,,,,,LEAN,-1,,-1,,-1,,-1,,-1,FMH TREEOVER 1067,,, overq1_all,,,,,,,,,,PIPO,
FPIPO1T09:22,6/26/2002 0:00,1007,TRUE,2,1,84,L,18.3,,,I,,,,,,,,,,,,,,,,,,,,,-1,,-1,,-1,,-1,,-1,FMH TREEOVER 1067,,, overq2_all,,,,,,,,,,PIPO,
FPIPO1T09:22,6/26/2002 0:00,1008,TRUE,2,1,85,L,33.7,,,C,,,,,,,,,,,,,,,,,,,,BIRD,-1,CROK,-1,,-1,,-1,,-1,FMH TREEOVER 1067,,, overq2_all,,,,,,,,,,PIPO,
FPIPO1T09:22,6/26/2002 0:00,1009,TRUE,2,1,86,L,35.8,,,C,,,,,,,,,,,,,,,,,,,,CROK,-1,,-1,,-1,,-1,,-1,FMH TREEOVER 1067,,, overq2_all,,,,,,,,,,PIPO,
FPIPO1T09:22,6/26/2002 0:00,1010,TRUE,2,1,87,L,38.7,,,D,,,,,,,,,,,,,,,,,,,,LIGT,-1,,-1,,-1,,-1,,-1,FMH TREEOVER 1067,,, overq2_all,,,,,,,,,,PIPO,
FPIPO1T09:22,6/26/2002 0:00,1011,TRUE,2,1,88,L,41.3,,,C,,,,,,,,,,,,,,,,,,,,CROK,-1,,-1,,-1,,-1,,-1,FMH TREEOVER 1067,,, overq2_all,,,,,,,,,,PIPO,
FPIPO1T09:22,6/26/2002 0:00,1012,TRUE,2,1,89,L,36.1,,,C,,,,,,,,,,,,,,,,,,,,CROK,-1,LEAN,-1,,-1,,-1,,-1,FMH TREEOVER 1067,,, overq2_all,,,,,,,,,,PIPO,
FPIPO1T09:22,6/26/2002 0:00,1013,TRUE,3,1,90,L,37.2,,,C,,,,,,,,,,,,,,,,,,,,LIGT,-1,,-1,,-1,,-1,,-1,FMH TREEOVER 1067,,, overq3_all,,,,,,,,,,PIPO,
FPIPO1T09:22,6/26/2002 0:00,1014,TRUE,3,1,91,L,18.6,,,SC,,,,,,,,,,,,,,,,,,,,WOND,-1,,-1,,-1,,-1,,-1,FMH TREEOVER 1067,,, overq3_all,,,,,,,,,,PIPO,
FPIPO1T09:22,6/26/2002 0:00,1015,TRUE,3,1,92,L,18.5,,,I,,,,,,,,,,,,,,,,,,,,,-1,,-1,,-1,,-1,,-1,FMH TREEOVER 1067,,, overq3_all,,,,,,,,,,PICO,
FPIPO1T09:22,6/26/2002 0:00,1016,TRUE,3,1,93,D,34.9,,,CS,,,,,,,,,,,,,,,,,,,,BROK,-1,FIRE,-1,,-1,,-1,,-1,FMH TREEOVER 1067,,, overq3_all,,,,,,,,,,PIPO,
FPIPO1T09:22,6/26/2002 0:00,1017,TRUE,3,1,94,L,24.5,,,I,,,,,,,,,,,,,,,,,,,,LIGT,-1,LEAN,-1,CROK,-1,,-1,,-1,FMH TREEOVER 1067,,, overq3_all,,,,,,,,,,PIPO,
FPIPO1T09:22,6/26/2002 0:00,1018,TRUE,3,1,95,L,44.1,,,D,,,,,,,,,,,,,,,,,,,,LEAN,-1,FORK,-1,,-1,,-1,,-1,FMH TREEOVER 1067,,, overq3_all,,,,,,,,,,PIPO,
FPIPO1T09:22,6/26/2002 0:00,1019,TRUE,3,1,96,D,25.7,,,RS,,,,,,,,,,,,,,,,,,,,BIRD,-1,FIRE,-1,,-1,,-1,,-1,FMH TREEOVER 1067,,, overq3_all,,,,,,,,,,PIPO,
FPIPO1T09:22,6/26/2002 0:00,1020,TRUE,3,1,97,L,30.4,,,D,,,,,,,,,,,,,,,,,,,,,-1,,-1,,-1,,-1,,-1,FMH TREEOVER 1067,,, overq3_all,,,,,,,,,,PIPO,
FPIPO1T09:22,6/26/2002 0:00,1021,TRUE,4,1,98,L,37.9,,,C,,,,,,,,,,,,,,,,,,,,ABGR,-1,CROK,-1,,-1,,-1,,-1,FMH TREEOVER 1067,,, overq4_all,,,,,,,,,,PIPO,
FPIPO1T09:22,6/26/2002 0:00,1022,TRUE,4,1,99,L,38.5,,,C,,,,,,,,,,,,,,,,,,,,LEAN,-1,,-1,,-1,,-1,,-1,FMH TREEOVER 1067,,, overq4_all,,,,,,,,,,PIPO,
FPIPO1T09:22,6/26/2002 0:00,1023,TRUE,4,1,100,L,33,,,D,,,,,,,,,,,,,,,,,,,,,-1,,-1,,-1,,-1,,-1,FMH TREEOVER 1067,,, overq4_all,,,,,,,,,,PIPO,
FPIPO1T09:22,6/26/2002 0:00,1024,TRUE,4,1,101,L,41.7,,,D,,,,,,,,,,,,,,,,,,,,,-1,,-1,,-1,,-1,,-1,FMH TREEOVER 1067,,, overq4_all,,,,,,,,,,PIPO,
FPIPO1T09:22,6/26/2002 0:00,1025,TRUE,4,1,102,L,17.2,,,SC,,,,,,,,,,,,,,,,,,,,FIRE,-1,CROK,-1,ABGR,-1,,-1,,-1,FMH TREEOVER 1067,,, overq4_all,,,,,,,,,,PIPO,
FPIPO1T09:22,6/26/2002 0:00,1026,TRUE,4,1,103,L,30,,,C,,,,,,,,,,,,,,,,,,,,FIRE,-1,,-1,,-1,,-1,,-1,FMH TREEOVER 1067,,, overq4_all,,,,,,,,,,PIPO,
FPIPO1T09:22,7/29/2008 12:42,,,,,,,,,,,,,,,,,,,,,,,,,,,,,,,,,,,,,,,,,,,,0.1,0.1,15,,,,,,,,TRUE
FPIPO1T09:22,7/29/2008 12:42,-2147483648,TRUE,4,1,1,D,8.3,1,,,,,,,,,,,,,,,,,,,,,,,,,,,,,,,,,,,,,,,,,,,,,PIPO,
FPIPO1T09:22,7/29/2008 12:42,-2147483647,TRUE,3,1,2,L,13,6,30,,,,,,,,,,,,,,,,,,,,,,,,,,,,,,,,,,,,,,,,,,,,PIPO,
FPIPO1T09:22,7/29/2008 12:42,-2147483646,TRUE,3,1,3,L,10,5,30,,,,,,,,,,,,,,,,,,,,,,,,,,,,,,,,,,,,,,,,,,,,PIPO,
FPIPO1T09:22,7/29/2008 12:42,-2147483645,TRUE,3,1,4,L,4,3,20,,,,,,,,,,,,,,,,,,,,,,,,,,,,,,,,,,,,,,,,,,,,PIPO,
FPIPO1T09:22,7/29/2008 12:42,-2147483642,TRUE,3,1,7,L,7,3,40,,,,,,,,,,,,,,,,,,,,,,,,,,,,,,,,,,,,,,,,,,,,PIPO,
FPIPO1T09:22,7/29/2008 12:42,-2147483641,TRUE,3,1,8,L,11.5,5,40,,,,,,,,,,,,,,,,,,,,,,,,,,,,,,,,,,,,,,,,,,,,PIPO,
FPIPO1T09:22,7/29/2008 12:42,-2147483640,TRUE,3,1,9,L,8.5,5,25,,,,,,,,,,,,,,,,,,,,,,,,,,,,,,,,,,,,,,,,,,,,PIPO,
FPIPO1T09:22,7/29/2008 12:42,-2147483639,TRUE,3,1,10,L,4.5,4,30,,,,,,,,,,,,,,,,,,,,,,,,,,,,,,,,,,,,,,,,,,,,PSME,
FPIPO1T09:22,7/29/2008 12:42,-2147483638,TRUE,3,1,11,L,10.5,8,45,,,,,,,,,,,,,,,,,,,,,,,,,,,,,,,,,,,,,,,,,,,,PIPO,
FPIPO1T09:22,7/29/2008 12:42,-2147483637,TRUE,3,1,12,L,8.5,6,45,,,,,,,,,,,,,,,,,,,,,,,,,,,,,,,,,,,,,,,,,,,,PIPO,
FPIPO1T09:22,7/29/2008 12:42,-2147483636,TRUE,1,1,78,L,34.9,39,40,C,,,,,,,,,,,,,,,,,,,,DTOP,,FORK,,,,,,,,,,,,,,,,,,,,,PIPO,
FPIPO1T09:22,7/29/2008 12:42,-2147483635,TRUE,1,1,79,L,42,60,60,C,,,,,,,,,,,,,,,,,,,,BIRD,,,,,,,,,,,,,,,,,,,,,,,PIPO,
FPIPO1T09:22,7/29/2008 12:42,-2147483634,TRUE,1,1,80,L,24.6,15,50,I,,,,,,,,,,,,,,,,,,,,CROK,,,,,,,,,,,,,,,,,,,,,,,PIPO,
FPIPO1T09:22,7/29/2008 12:42,-2147483633,TRUE,1,1,81,L,51.9,42.5,50,C,,,,,,,,,,,,,,,,,,,,,,,,,,,,,,,,,,,,,,,,,,,PIPO,
FPIPO1T09:22,7/29/2008 12:42,-2147483632,TRUE,1,1,82,L,61.2,46,45,D,,,,,,,,,,,,,,,,,,,,FORK,,,,,,,,,,,,,,,,,,,,,,,PIPO,
FPIPO1T09:22,7/29/2008 12:42,-2147483631,TRUE,1,1,83,L,19,27.5,35,I,,,,,,,,,,,,,,,,,,,,LEAN,,,,,,,,,,,,,,,,,,,,,,,PIPO,
FPIPO1T09:22,7/29/2008 12:42,-2147483630,TRUE,2,1,84,L,18.8,26.2,60,I,,,,,,,,,,,,,,,,,,,,,,,,,,,,,,,,,,,,,,,,,,,PIPO,
FPIPO1T09:22,7/29/2008 12:42,-2147483629,TRUE,2,1,85,L,34,55,35,C,,,,,,,,,,,,,,,,,,,,BIRD,,CROK,,INSE,,,,,,,,,,,,,,,,,,,PIPO,
FPIPO1T09:22,7/29/2008 12:42,-2147483628,TRUE,2,1,86,L,36.3,57,25,C,,,,,,,,,,,,,,,,,,,,CROK,,,,,,,,,,,,,,,,,,,,,,,PIPO,
FPIPO1T09:22,7/29/2008 12:42,-2147483627,TRUE,2,1,87,L,39,54,35,C,,,,,,,,,,,,,,,,,,,,LIGT,,,,,,,,,,,,,,,,,,,,,,,PIPO,
FPIPO1T09:22,7/29/2008 12:42,-2147483626,TRUE,2,1,88,L,41.5,43.5,30,C,,,,,,,,,,,,,,,,,,,,CROK,,,,,,,,,,,,,,,,,,,,,,,PIPO,
FPIPO1T09:22,7/29/2008 12:42,-2147483625,TRUE,2,1,89,L,36,46,40,C,,,,,,,,,,,,,,,,,,,,CROK,,LEAN,,,,,,,,,,,,,,,,,,,,,PIPO,
FPIPO1T09:22,7/29/2008 12:42,-2147483624,TRUE,3,1,90,L,38,51.5,45,C,,,,,,,,,,,,,,,,,,,,LIGT,,,,,,,,,,,,,,,,,,,,,,,PIPO,
FPIPO1T09:22,7/29/2008 12:42,-2147483623,TRUE,3,1,91,L,20,24,50,I,,,,,,,,,,,,,,,,,,,,WOND,,,,,,,,,,,,,,,,,,,,,,,PIPO,
FPIPO1T09:22,7/29/2008 12:42,-2147483622,TRUE,3,1,92,L,19.8,30,50,I,,,,,,,,,,,,,,,,,,,,,,,,,,,,,,,,,,,,,,,,,,,PICO,
FPIPO1T09:22,7/29/2008 12:42,-2147483621,TRUE,3,1,94,L,24,21.5,15,I,,,,,,,,,,,,,,,,,,,,LIGT,,LEAN,,CROK,,,,,,,,,,,,,,,,,,,PIPO,
FPIPO1T09:22,7/29/2008 12:42,-2147483620,TRUE,3,1,95,L,43.8,45.5,,,,,,,,,,,,,,,,,,,,,,LEAN,,FORK,,,,,,,,,,,,,,,,,,,,,PIPO,
FPIPO1T09:22,7/29/2008 12:42,-2147483619,TRUE,3,1,97,L,55,30,40,C,,,,,,,,,,,,,,,,,,,,,,,,,,,,,,,,,,,,,,,,,,,PIPO,
FPIPO1T09:22,7/29/2008 12:42,-2147483618,TRUE,4,1,98,L,38.6,42,50,C,,,,,,,,,,,,,,,,,,,,ABGR,,CROK,,,,,,,,,,,,,,,,,,,,,PIPO,
FPIPO1T09:22,7/29/2008 12:42,-2147483617,TRUE,4,1,99,L,38.6,40,50,C,,,,,,,,,,,,,,,,,,,,LEAN,,,,,,,,,,,,,,,,,,,,,,,PIPO,
FPIPO1T09:22,7/29/2008 12:42,-2147483616,TRUE,4,1,100,L,33.5,42,60,C,,,,,,,,,,,,,,,,,,,,,,,,,,,,,,,,,,,,,,,,,,,PIPO,
FPIPO1T09:22,7/29/2008 12:42,-2147483615,TRUE,4,1,101,L,41.5,51.5,60,D,,,,,,,,,,,,,,,,,,,,,,,,,,,,,,,,,,,,,,,,,,,PIPO,
FPIPO1T09:22,7/29/2008 12:42,-2147483614,TRUE,4,1,102,L,17.7,17.5,60,SC,,,,,,,,,,,,,,,,,,,,FIRE,,CROK,,ABGR,,,,,,,,,,,,,,,,,,,PIPO,
FPIPO1T09:22,7/29/2008 12:42,-2147483613,TRUE,4,1,103,L,30.6,53.5,20,C,,,,,,,,,,,,,,,,,,,,FIRE,,,,,,,,,,,,,,,,,,,,,,,PIPO,
FPIPO1T09:22,6/2/2010 17:37,,,,,,,,,,,,,,,,,,,,,,,,,,,,,,,,,,,,,,,,,,,,0.1,0.1,15,,,,,,,,TRUE
FPIPO1T09:22,6/2/2010 17:37,-2147483648,TRUE,4,1,1,D,83,,,,,,,,,,,,,,,,,,,,,,,,,,,,,,,,,,,,,,,,,,,,,,PIPO,
FPIPO1T09:22,6/2/2010 17:37,-2147483647,TRUE,3,1,2,L,13.6,6,,,,,,,,,,,,,,,,,,,,,,,,,,,,,,,,,,,,,,,,,,,,,PIPO,
FPIPO1T09:22,6/2/2010 17:37,-2147483646,TRUE,3,1,3,L,10.2,6,,,,,,,,,,,,,,,,,,,,,,,,,,,,,,,,,,,,,,,,,,,,,PIPO,
FPIPO1T09:22,6/2/2010 17:37,-2147483645,TRUE,3,1,4,L,5.1,3,,,,,,,,,,,,,,,,,,,,,,,,,,,,,,,,,,,,,,,,,,,,,PIPO,
FPIPO1T09:22,6/2/2010 17:37,-2147483644,TRUE,3,1,5,L,8,2,,,,,,,,,,,,,,,,,,,,,,,,,,,,,,,,,,,,,,,,,,,,,PIPO,
FPIPO1T09:22,6/2/2010 17:37,-2147483643,TRUE,3,1,8,L,2.7,2,,,,,,,,,,,,,,,,,,,,,,,,,,,,,,,,,,,,,,,,,,,,,PIPO,
FPIPO1T09:22,6/2/2010 17:37,-2147483642,TRUE,3,1,6,L,10.4,3,,,,,,,,,,,,,,,,,,,,,,,,,,,,,,,,,,,,,,,,,,,,,PIPO,
FPIPO1T09:22,6/2/2010 17:37,-2147483641,TRUE,3,1,10,L,3.2,3,,,,,,,,,,,,,,,,,,,,,,,,,,,,,,,,,,,,,,,,,,,,,PIPO,
FPIPO1T09:22,6/2/2010 17:37,-2147483640,TRUE,3,1,7,L,9.2,3,,,,,,,,,,,,,,,,,,,,,,,,,,,,,,,,,,,,,,,,,,,,,PIPO,
FPIPO1T09:22,6/2/2010 17:37,-2147483639,TRUE,3,1,9,L,9.2,4,,,,,,,,,,,,,,,,,,,,,,,,,,,,,,,,,,,,,,,,,,,,,PSME,
FPIPO1T09:22,6/2/2010 17:37,-2147483638,TRUE,3,1,11,L,10.2,8,,,,,,,,,,,,,,,,,,,,,,,,,,,,,,,,,,,,,,,,,,,,,PIPO,
FPIPO1T09:22,6/2/2010 17:37,-2147483637,TRUE,3,1,12,L,9.2,6,,,,,,,,,,,,,,,,,,,,,,,,,,,,,,,,,,,,,,,,,,,,,PIPO,
FPIPO1T09:22,6/2/2010 17:37,-2147483636,TRUE,3,1,13,L,8.7,4,,,,,,,,,,,,,,,,,,,,,,,,,,,,,,,,,,,,,,,,,,,,,PIPO,
FPIPO1T09:22,6/2/2010 17:37,-2147483635,TRUE,1,1,78,L,35,39,40,C,,,,,,,,,,,,,,,,,,,,FORK,,FIRE,,LICH,,,,,,,,,,,,,,,,,,,PIPO,
FPIPO1T09:22,6/2/2010 17:37,-2147483634,TRUE,1,1,79,L,42.3,60,50,C,,,,,,,,,,,,,,,,,,,,BIRD,,LICH,,,,,,,,,,,,,,,,,,,,,PIPO,
FPIPO1T09:22,6/2/2010 17:37,-2147483633,TRUE,1,1,80,L,25.8,15,80,I,,,,,,,,,,,,,,,,,,,,CROK,,FORK,,FIRE,,INSE,,,,,,,,,,,,,,,,,PIPO,
FPIPO1T09:22,6/2/2010 17:37,-2147483632,TRUE,1,1,81,L,51.8,42.5,40,C,,,,,,,,,,,,,,,,,,,,,,,,,,,,,,,,,,,,,,,,,,,PIPO,
FPIPO1T09:22,6/2/2010 17:37,-2147483631,TRUE,1,1,82,L,61.9,46,50,D,,,,,,,,,,,,,,,,,,,,FORK,,FIRE,,BIRD,,,,,,,,,,,,,,,,,,,PIPO,
FPIPO1T09:22,6/2/2010 17:37,-2147483630,TRUE,1,1,83,L,18.1,27.5,60,I,,,,,,,,,,,,,,,,,,,,LEAN,,,,,,,,,,,,,,,,,,,,,,,PIPO,
FPIPO1T09:22,6/2/2010 17:37,-2147483629,TRUE,2,1,84,L,19,26.2,60,I,,,,,,,,,,,,,,,,,,,,FIRE,,INSE,,,,,,,,,,,,,,,,,,,,,PIPO,
FPIPO1T09:22,6/2/2010 17:37,-2147483628,TRUE,2,1,85,L,34.6,55,30,C,,,,,,,,,,,,,,,,,,,,BIRD,,CROK,,INSE,,,,,,,,,,,,,,,,,,,PIPO,
FPIPO1T09:22,6/2/2010 17:37,-2147483627,TRUE,2,1,86,L,36.5,57,30,C,,,,,,,,,,,,,,,,,,,,CROK,,,,,,,,,,,,,,,,,,,,,,,PIPO,
FPIPO1T09:22,6/2/2010 17:37,-2147483626,TRUE,2,1,87,L,38.7,54,30,C,,,,,,,,,,,,,,,,,,,,LIGT,,,,,,,,,,,,,,,,,,,,,,,PIPO,
FPIPO1T09:22,6/2/2010 17:37,-2147483625,TRUE,2,1,88,L,40.7,43.5,30,C,,,,,,,,,,,,,,,,,,,,CROK,,,,,,,,,,,,,,,,,,,,,,,PIPO,
FPIPO1T09:22,6/2/2010 17:37,-2147483624,TRUE,2,1,89,L,36.1,46,60,C,,,,,,,,,,,,,,,,,,,,CROK,,LEAN,,FIRE,,,,,,,,,,,,,,,,,,,PIPO,
FPIPO1T09:22,6/2/2010 17:37,-2147483623,TRUE,3,1,90,L,38.2,51.5,60,C,,,,,,,,,,,,,,,,,,,,LIGT,,INSE,,,,,,,,,,,,,,,,,,,,,PIPO,
FPIPO1T09:22,6/2/2010 17:37,-2147483622,TRUE,3,1,91,L,20.4,24,70,I,,,,,,,,,,,,,,,,,,,,WOND,,,,,,,,,,,,,,,,,,,,,,,PIPO,
FPIPO1T09:22,6/2/2010 17:37,-2147483621,TRUE,3,1,92,L,19.8,30,70,I,,,,,,,,,,,,,,,,,,,,INSE,,,,,,,,,,,,,,,,,,,,,,,PIPO,
FPIPO1T09:22,6/2/2010 17:37,-2147483620,TRUE,3,1,94,L,24.8,21.5,15,I,,,,,,,,,,,,,,,,,,,,LIGT,,LEAN,,CROK,,,,,,,,,,,,,,,,,,,PIPO,
FPIPO1T09:22,6/2/2010 17:37,-2147483619,TRUE,3,1,95,L,43.9,45.5,30,C,,,,,,,,,,,,,,,,,,,,LEAN,,FORK,,BIRD,,,,,,,,,,,,,,,,,,,PIPO,
FPIPO1T09:22,6/2/2010 17:37,-2147483618,TRUE,3,1,97,L,29.8,30,55,C,,,,,,,,,,,,,,,,,,,,,,,,,,,,,,,,,,,,,,,,,,,PIPO,
FPIPO1T09:22,6/2/2010 17:37,-2147483617,TRUE,4,1,98,L,39,42,60,C,,,,,,,,,,,,,,,,,,,,ABGR,,CROK,,BIRD,,,,,,,,,,,,,,,,,,,PIPO,
FPIPO1T09:22,6/2/2010 17:37,-2147483616,TRUE,4,1,99,L,38.5,40,50,C,,,,,,,,,,,,,,,,,,,,LEAN,,FIRE,,INSE,,,,,,,,,,,,,,,,,,,PIPO,
FPIPO1T09:22,6/2/2010 17:37,-2147483615,TRUE,4,1,100,L,33.5,42,60,C,,,,,,,,,,,,,,,,,,,,INSE,,,,,,,,,,,,,,,,,,,,,,,PIPO,
FPIPO1T09:22,6/2/2010 17:37,-2147483614,TRUE,4,1,101,L,41.3,51.5,50,D,,,,,,,,,,,,,,,,,,,,DTOP,,FIRE,,,,,,,,,,,,,,,,,,,,,PIPO,
FPIPO1T09:22,6/2/2010 17:37,-2147483613,TRUE,4,1,102,L,19.9,17.5,60,SC,,,,,,,,,,,,,,,,,,,,FIRE,,CROK,,ABGR,,WOND,,INSE,,,,,,,,,,,,,,,PIPO,
FPIPO1T09:22,6/2/2010 17:37,-2147483612,TRUE,4,1,103,L,30.2,53.5,20,C,,,,,,,,,,,,,,,,,,,,FIRE,,,,,,,,,,,,,,,,,,,,,,,PIPO,
FPIPO1T09:22,7/17/2013 20:00,,,,,,,,,,,,,,,,,,,,,,,,,,,,,,,,,,,,,,,,,,,,0.1,0.1,15,CMK AJF,AJF,,,,,,TRUE
FPIPO1T09:22,7/17/2013 20:00,-2147483648,TRUE,1,1,78,L,35.7,,,I,,,,,,,,,,,,,,,,,,,,,,,,,,,,,,,,,,,,,,,,,,,PIPO,
FPIPO1T09:22,7/17/2013 20:00,-2147483647,TRUE,1,1,79,L,43.5,,,C,,,,,,,,,,,,,,,,,,,,,,,,,,,,,,,,,,,,,,,,,,,PIPO,
FPIPO1T09:22,7/17/2013 20:00,-2147483646,TRUE,1,1,80,L,26.7,,,S,,,,,,,,,,,,,,,,,,,,,,,,,,,,,,,,,,,,,,,,,,,PIPO,
FPIPO1T09:22,7/17/2013 20:00,-2147483645,TRUE,1,1,81,L,52.3,,,C,,,,,,,,,,,,,,,,,,,,,,,,,,,,,,,,,,,,,,,,,,,PIPO,
FPIPO1T09:22,7/17/2013 20:00,-2147483644,TRUE,1,1,82,L,62.8,,,C,,,,,,,,,,,,,,,,,,,,,,,,,,,,,,,,,,,,,,,,,,,PIPO,
FPIPO1T09:22,7/17/2013 20:00,-2147483643,TRUE,1,1,83,L,19.8,,,I,,,,,,,,,,,,,,,,,,,,,,,,,,,,,,,,,,,,,,,,,,,PIPO,
FPIPO1T09:22,7/17/2013 20:00,-2147483642,TRUE,2,1,84,L,19.1,,,I,,,,,,,,,,,,,,,,,,,,,,,,,,,,,,,,,,,,,,,,,,,PIPO,
FPIPO1T09:22,7/17/2013 20:00,-2147483641,TRUE,2,1,85,L,34.6,,,C,,,,,,,,,,,,,,,,,,,,,,,,,,,,,,,,,,,,,,,,,,,PIPO,
FPIPO1T09:22,7/17/2013 20:00,-2147483640,TRUE,2,1,86,L,36.7,,,C,,,,,,,,,,,,,,,,,,,,,,,,,,,,,,,,,,,,,,,,,,,PIPO,
FPIPO1T09:22,7/17/2013 20:00,-2147483639,TRUE,2,1,87,L,39.1,,,C,,,,,,,,,,,,,,,,,,,,,,,,,,,,,,,,,,,,,,,,,,,PIPO,
FPIPO1T09:22,7/17/2013 20:00,-2147483638,TRUE,2,1,88,L,41.1,,,C,,,,,,,,,,,,,,,,,,,,,,,,,,,,,,,,,,,,,,,,,,,PIPO,
FPIPO1T09:22,7/17/2013 20:00,-2147483637,TRUE,2,1,89,L,36.8,,,C,,,,,,,,,,,,,,,,,,,,,,,,,,,,,,,,,,,,,,,,,,,PIPO,
FPIPO1T09:22,7/17/2013 20:00,-2147483636,TRUE,3,1,90,L,38.6,,,C,,,,,,,,,,,,,,,,,,,,,,,,,,,,,,,,,,,,,,,,,,,PIPO,
FPIPO1T09:22,7/17/2013 20:00,-2147483635,TRUE,3,1,91,L,21,,,I,,,,,,,,,,,,,,,,,,,,,,,,,,,,,,,,,,,,,,,,,,,PIPO,
FPIPO1T09:22,7/17/2013 20:00,-2147483634,TRUE,3,1,92,L,19.9,,,I,,,,,,,,,,,,,,,,,,,,,,,,,,,,,,,,,,,,,,,,,,,PICO,
FPIPO1T09:22,7/17/2013 20:00,-2147483633,TRUE,3,1,94,L,25,,,I,,,,,,,,,,,,,,,,,,,,,,,,,,,,,,,,,,,,,,,,,,,PIPO,
FPIPO1T09:22,7/17/2013 20:00,-2147483632,TRUE,3,1,95,L,44.3,,,C,,,,,,,,,,,,,,,,,,,,,,,,,,,,,,,,,,,,,,,,,,,PIPO,
FPIPO1T09:22,7/17/2013 20:00,-2147483631,TRUE,3,1,96,D,25.3,,,LBS,,,,,,,,,,,,,,,,,,,,,,,,,,,,,,,,,,,,,,,,,,,PIPO,
FPIPO1T09:22,7/17/2013 20:00,-2147483630,TRUE,3,1,97,L,30.2,,,C,,,,,,,,,,,,,,,,,,,,,,,,,,,,,,,,,,,,,,,,,,,PIPO,
FPIPO1T09:22,7/17/2013 20:00,-2147483629,TRUE,4,1,98,L,39,,,C,,,,,,,,,,,,,,,,,,,,,,,,,,,,,,,,,,,,,,,,,,,PIPO,
FPIPO1T09:22,7/17/2013 20:00,-2147483628,TRUE,4,1,99,L,39.8,,,C,,,,,,,,,,,,,,,,,,,,,,,,,,,,,,,,,,,,,,,,,,,PIPO,
FPIPO1T09:22,7/17/2013 20:00,-2147483627,TRUE,4,1,100,L,34,,,C,,,,,,,,,,,,,,,,,,,,,,,,,,,,,,,,,,,,,,,,,,,PIPO,
FPIPO1T09:22,7/17/2013 20:00,-2147483626,TRUE,4,1,101,L,42,,,C,,,,,,,,,,,,,,,,,,,,,,,,,,,,,,,,,,,,,,,,,,,PIPO,
FPIPO1T09:22,7/17/2013 20:00,-2147483625,TRUE,4,1,102,L,17.7,,,SC,,,,,,,,,,,,,,,,,,,,,,,,,,,,,,,,,,,,,,,,,,,PIPO,
FPIPO1T09:22,7/17/2013 20:00,-2147483624,TRUE,4,1,103,L,30.5,,,C,,,,,,,,,,,,,,,,,,,,,,,,,,,,,,,,,,,,,,,,,,,PIPO,
FPIPO1T09:22,7/17/2013 20:00,-2147483623,FALSE,4,1,1,L,14.9,5,,,,,,,,,,,,,,,,,,,,,,,,,,,,,,,,,,,,,,,,,,,,,PIPO,
FPIPO1T09:22,7/17/2013 20:00,-2147483622,FALSE,4,1,2,L,7.2,4,,,,,,,,,,,,,,,,,,,,,,,,,,,,,,,,,,,,,,,,,,,,,PIPO,
FPIPO1T09:22,7/17/2013 20:00,-2147483621,FALSE,4,1,3,L,10.8,4,,,,,,,,,,,,,,,,,,,,,,,,,,,,,,,,,,,,,,,,,,,,,PIPO,
FPIPO1T09:22,7/17/2013 20:00,-2147483620,FALSE,4,1,4,L,9.3,4,,,,,,,,,,,,,,,,,,,,,,,,,,,,,,,,,,,,,,,,,,,,,PIPO,
FPIPO1T09:22,7/17/2013 20:00,-2147483619,FALSE,4,1,5,L,4.2,2,,,,,,,,,,,,,,,,,,,,,,,,,,,,,,,,,,,,,,,,,,,,,PSME,
FPIPO1T09:22,7/17/2013 20:00,-2147483618,FALSE,4,1,6,L,11,5,,,,,,,,,,,,,,,,,,,,,,,,,,,,,,,,,,,,,,,,,,,,,PIPO,
FPIPO1T09:22,7/17/2013 20:00,-2147483617,FALSE,4,1,7,L,3.5,3,,,,,,,,,,,,,,,,,,,,,,,,,,,,,,,,,,,,,,,,,,,,,PIPO,
FPIPO1T09:22,7/17/2013 20:00,-2147483616,FALSE,4,1,8,L,6,4,,,,,,,,,,,,,,,,,,,,,,,,,,,,,,,,,,,,,,,,,,,,,PIPO,
FPIPO1T09:22,7/17/2013 20:00,-2147483615,FALSE,4,1,9,L,4.9,3,,,,,,,,,,,,,,,,,,,,,,,,,,,,,,,,,,,,,,,,,,,,,PIPO,
FPIPO1T09:22,7/17/2013 20:00,-2147483614,FALSE,4,1,10,L,8.4,4,,,,,,,,,,,,,,,,,,,,,,,,,,,,,,,,,,,,,,,,,,,,,PIPO,
FPIPO1T09:22,7/17/2013 20:00,-2147483613,FALSE,4,1,11,L,10.7,5,,,,,,,,,,,,,,,,,,,,,,,,,,,,,,,,,,,,,,,,,,,,,PIPO,
FPIPO1T09:22,7/25/2023 15:20,,,,,,,,,,,,,,,,,,,,,,,,,,,,,,,,,,,,,,,,,,,,0.1,0.1,15,CMK; TMD; KFM,KFM,,,,,,TRUE
FPIPO1T09:22,7/25/2023 15:20,-2147483648,TRUE,,1,78,L,36.7,,,I,,,,,,,,,,,,,,,,,,,,,,,,,,,,,,,,,,,,,,,,,,,PIPO,
FPIPO1T09:22,7/25/2023 15:20,-2147483647,TRUE,,1,79,L,44.4,,,C,,,,,,,,,,,,,,,,,,,,,,,,,,,,,,,,,,,,,,,,,,,PIPO,
FPIPO1T09:22,7/25/2023 15:20,-2147483646,TRUE,,1,80,L,28.1,,,SC,,,,,,,,,,,,,,,,,,,,,,,,,,,,,,,,,,,,,,,,,,,PIPO,
FPIPO1T09:22,7/25/2023 15:20,-2147483645,TRUE,,1,81,L,52.5,,,C,,,,,,,,,,,,,,,,,,,,,,,,,,,,,,,,,,,,,,,,,,,PIPO,
FPIPO1T09:22,7/25/2023 15:20,-2147483644,TRUE,,1,82,L,62.5,,,C,,,,,,,,,,,,,,,,,,,,,,,,,,,,,,,,,,,,,,,,,,,PIPO,
FPIPO1T09:22,7/25/2023 15:20,-2147483643,TRUE,,1,83,L,19.9,,,I,,,,,,,,,,,,,,,,,,,,,,,,,,,,,,,,,,,,,,,,,,,PIPO,
FPIPO1T09:22,7/25/2023 15:20,-2147483642,TRUE,,1,84,L,21,,,SC,,,,,,,,,,,,,,,,,,,,,,,,,,,,,,,,,,,,,,,,,,,PIPO,
FPIPO1T09:22,7/25/2023 15:20,-2147483641,TRUE,,1,85,L,35.6,,,C,,,,,,,,,,,,,,,,,,,,,,,,,,,,,,,,,,,,,,,,,,,PIPO,
FPIPO1T09:22,7/25/2023 15:20,-2147483640,TRUE,,1,86,L,37.2,,,C,,,,,,,,,,,,,,,,,,,,,,,,,,,,,,,,,,,,,,,,,,,PIPO,
FPIPO1T09:22,7/25/2023 15:20,-2147483639,TRUE,,1,87,L,40.6,,,C,,,,,,,,,,,,,,,,,,,,,,,,,,,,,,,,,,,,,,,,,,,PIPO,
FPIPO1T09:22,7/25/2023 15:20,-2147483638,TRUE,,1,88,D,39.9,,,RS,,,,,,,,,,,,,,,,,,,,,,,,,,,,,,,,,,,,,,,,,,,PIPO,
FPIPO1T09:22,7/25/2023 15:20,-2147483637,TRUE,,1,89,L,37.8,,,C,,,,,,,,,,,,,,,,,,,,,,,,,,,,,,,,,,,,,,,,,,,PIPO,
FPIPO1T09:22,7/25/2023 15:20,-2147483636,TRUE,,1,90,L,39.9,,,C,,,,,,,,,,,,,,,,,,,,,,,,,,,,,,,,,,,,,,,,,,,PIPO,
FPIPO1T09:22,7/25/2023 15:20,-2147483635,TRUE,,1,91,L,22.9,,,I,,,,,,,,,,,,,,,,,,,,,,,,,,,,,,,,,,,,,,,,,,,PIPO,
FPIPO1T09:22,7/25/2023 15:20,-2147483634,TRUE,,1,92,L,21.7,,,I,,,,,,,,,,,,,,,,,,,,,,,,,,,,,,,,,,,,,,,,,,,PICO,
FPIPO1T09:22,7/25/2023 15:20,-2147483633,TRUE,,1,94,L,25.3,,,I,,,,,,,,,,,,,,,,,,,,,,,,,,,,,,,,,,,,,,,,,,,PIPO,
FPIPO1T09:22,7/25/2023 15:20,-2147483632,TRUE,,1,95,L,45.1,,,C,,,,,,,,,,,,,,,,,,,,,,,,,,,,,,,,,,,,,,,,,,,PIPO,
FPIPO1T09:22,7/25/2023 15:20,-2147483631,TRUE,,1,96,D,25,,,LBS,,,,,,,,,,,,,,,,,,,,,,,,,,,,,,,,,,,,,,,,,,,PIPO,
FPIPO1T09:22,7/25/2023 15:20,-2147483630,TRUE,,1,97,L,30.9,,,C,,,,,,,,,,,,,,,,,,,,,,,,,,,,,,,,,,,,,,,,,,,PIPO,
FPIPO1T09:22,7/25/2023 15:20,-2147483629,TRUE,,1,93,D,34.2,,,BAD,,,,,,,,,,,,,,,,,,,,,,,,,,,,,,,,,,,,,,,,,,,PIPO,
FPIPO1T09:22,7/25/2023 15:20,-2147483628,TRUE,,1,98,L,39.6,,,C,,,,,,,,,,,,,,,,,,,,,,,,,,,,,,,,,,,,,,,,,,,PIPO,
FPIPO1T09:22,7/25/2023 15:20,-2147483627,TRUE,,1,99,L,39.8,,,C,,,,,,,,,,,,,,,,,,,,,,,,,,,,,,,,,,,,,,,,,,,PIPO,
FPIPO1T09:22,7/25/2023 15:20,-2147483626,TRUE,,1,100,L,34.9,,,C,,,,,,,,,,,,,,,,,,,,,,,,,,,,,,,,,,,,,,,,,,,PIPO,
FPIPO1T09:22,7/25/2023 15:20,-2147483625,TRUE,,1,101,L,42.4,,,SC,,,,,,,,,,,,,,,,,,,,,,,,,,,,,,,,,,,,,,,,,,,PIPO,
FPIPO1T09:22,7/25/2023 15:20,-2147483624,TRUE,,1,102,L,19.2,,,,,,,,,,,,,,,,,,,,,,,,,,,,,,,,,,,,,,,,,,,,,,PIPO,
FPIPO1T09:22,7/25/2023 15:20,-2147483623,TRUE,,1,103,L,30.6,,,,,,,,,,,,,,,,,,,,,,,,,,,,,,,,,,,,,,,,,,,,,,PIPO,
FPIPO1T09:22,7/25/2023 15:20,-2147483622,TRUE,,1,10,L,16.3,,,,,,,,,,,,,,,,,,,,,,,,,,,,,,,,,,,,,,,,,,,,,,PIPO,
FPIPO1T09:22,7/25/2023 15:20,-2147483621,TRUE,,1,1,L,12.5,10,,,,,,,,,,,,,,,,,,,,,,,,,,,,,,,,,,,,,,,,,,,,,PIPO,
FPIPO1T09:22,7/25/2023 15:20,-2147483620,TRUE,,1,2,L,7.2,7,,,,,,,,,,,,,,,,,,,,,,,,,,,,,,,,,,,,,,,,,,,,,PIPO,
FPIPO1T09:22,7/25/2023 15:20,-2147483619,TRUE,,1,3,L,4.4,5,,,,,,,,,,,,,,,,,,,,,,,,,,,,,,,,,,,,,,,,,,,,,PIPO,
FPIPO1T09:22,7/25/2023 15:20,-2147483618,TRUE,,1,4,L,7,7,,,,,,,,,,,,,,,,,,,,,,,,,,,,,,,,,,,,,,,,,,,,,PIPO,
FPIPO1T09:22,7/25/2023 15:20,-2147483617,TRUE,,1,5,L,12.5,9,,,,,,,,,,,,,,,,,,,,,,,,,,,,,,,,,,,,,,,,,,,,,PIPO,
FPIPO1T09:22,7/25/2023 15:20,-2147483616,TRUE,,1,6,L,10.8,10,,,,,,,,,,,,,,,,,,,,,,,,,,,,,,,,,,,,,,,,,,,,,PIPO,
FPIPO1T09:22,7/25/2023 15:20,-2147483615,TRUE,,1,7,L,4,7,,,,,,,,,,,,,,,,,,,,,,,,,,,,,,,,,,,,,,,,,,,,,PSME,
FPIPO1T09:22,7/25/2023 15:20,-2147483614,TRUE,,1,8,L,11.5,10,,,,,,,,,,,,,,,,,,,,,,,,,,,,,,,,,,,,,,,,,,,,,PIPO,
FPIPO1T09:22,7/25/2023 15:20,-2147483613,TRUE,,1,9,L,9,9,,,,,,,,,,,,,,,,,,,,,,,,,,,,,,,,,,,,,,,,,,,,,PIPO,
FPIPO1T09:22,7/25/2023 15:20,-2147483612,TRUE,,1,11,L,2.5,5,,,,,,,,,,,,,,,,,,,,,,,,,,,,,,,,,,,,,,,,,,,,,PIPO,
FPIPO1T09:22,7/25/2023 15:20,-2147483611,TRUE,,1,12,L,3.9,6,,,,,,,,,,,,,,,,,,,,,,,,,,,,,,,,,,,,,,,,,,,,,PIPO,
FPIPO1T09:22,7/25/2023 15:20,-2147483610,TRUE,,1,13,L,3.8,6,,,,,,,,,,,,,,,,,,,,,,,,,,,,,,,,,,,,,,,,,,,,,PIPO,
FPIPO1T09:22,7/25/2023 15:20,-2147483609,TRUE,,1,14,L,2.7,5,,,,,,,,,,,,,,,,,,,,,,,,,,,,,,,,,,,,,,,,,,,,,PIPO,
